step,time,true_x,true_y,meas_x,meas_y,est_x,est_y,est_vx,est_vy,cov_xx,cov_xy,cov_yy,rmse,nis
0,0.000000,4.802131,-0.003273,3.115664,0.448651,3.595797,0.334224,-0.060017,0.514303,2.861212,0.000000,2.861212,1.252656,0.000000
1,0.100000,5.016901,0.238879,5.286275,-2.120349,4.308407,-0.675864,0.096581,0.282980,1.694360,0.000000,1.694359,1.204843,0.000000
2,0.200000,4.972509,0.541439,6.228485,-1.195050,4.914903,-0.818606,0.379507,0.201900,1.249648,0.000000,1.249647,1.256983,0.000000
3,0.300000,4.922001,0.748556,4.059250,-0.663274,4.719212,-0.763082,0.202648,0.228647,1.045833,-0.000000,1.045833,1.324032,0.000000
4,0.400000,4.859710,1.030914,4.799324,-1.650043,4.753726,-0.956843,0.216898,0.012021,0.952381,-0.000000,0.952381,1.457342,0.000000
5,0.500000,4.875865,1.271444,8.587997,3.182534,5.647164,-0.009446,1.232186,1.114015,0.914601,-0.000000,0.914601,1.463649,0.000000
6,0.600000,4.814478,1.451078,4.232265,7.523169,5.423032,1.777884,0.798450,3.206727,0.903318,0.000000,0.903318,1.353236,0.000000
7,0.700000,4.638591,1.799518,4.274656,3.477170,5.226033,2.409301,0.446756,3.601484,0.901616,0.000000,0.901616,1.289920,0.000000
8,0.800000,4.742507,1.951784,2.220986,3.227232,4.584411,2.872467,-0.412198,3.730419,0.900143,0.000000,0.900142,1.250391,0.000000
9,0.900000,4.508621,2.147710,4.569725,1.129478,4.549126,2.772293,-0.405020,3.157889,0.894534,-0.000000,0.894533,1.187942,0.000000
10,1.000000,4.380404,2.351386,7.879892,0.128094,5.253250,2.434297,0.456508,2.401465,0.883497,0.000000,0.883497,1.159654,0.000000
11,1.100000,4.329850,2.644372,5.780809,3.486363,5.403403,2.850506,0.571464,2.595144,0.867386,0.000000,0.867386,1.154113,0.000000
12,1.200000,4.096649,2.906536,4.498951,2.348909,5.256873,2.948808,0.359001,2.426979,0.847249,0.000000,0.847249,1.154642,0.000000
13,1.300000,3.972526,3.135782,7.128109,3.219148,5.670983,3.197202,0.732802,2.432609,0.824289,0.000000,0.824288,1.193565,0.000000
14,1.400000,3.804845,3.132922,4.400637,4.069614,5.475674,3.566229,0.481212,2.550416,0.799595,0.000000,0.799595,1.229068,0.000000
15,1.500000,3.660207,3.373056,2.745138,6.413228,4.986086,4.322849,0.003385,2.996137,0.774053,-0.000000,0.774053,1.254187,0.000000
16,1.600000,3.482333,3.621398,7.126634,7.994244,5.386820,5.253265,0.341387,3.528642,0.748330,-0.000000,0.748330,1.327940,0.000000
17,1.700000,3.326779,3.844735,3.625484,5.254348,5.096470,5.542552,0.080768,3.477580,0.722904,-0.000000,0.722903,1.390412,0.000000
18,1.800000,3.073392,3.833380,0.514907,6.218402,4.303542,5.947569,-0.532330,3.521407,0.698100,-0.000000,0.698100,1.445971,0.000000
19,1.900000,2.953842,4.061798,4.663354,5.129803,4.319919,6.102544,-0.481469,3.377352,0.674129,-0.000000,0.674129,1.496461,0.000000
20,2.000000,2.698017,4.246144,5.351910,1.875678,4.447597,5.697258,-0.358645,2.858301,0.651116,-0.000000,0.651116,1.533441,0.000000
21,2.100000,2.430319,4.317314,1.827694,0.887631,4.005311,5.181669,-0.630530,2.322172,0.629125,-0.000000,0.629126,1.545402,0.000000
22,2.200000,2.263409,4.478567,0.882491,4.358381,3.477037,5.253402,-0.929021,2.219205,0.608179,-0.000000,0.608180,1.540814,0.000000
23,2.300000,2.006356,4.533571,-0.376912,3.160242,2.831005,5.134849,-1.269892,2.009385,0.588271,-0.000000,0.588271,1.519138,0.000000
24,2.400000,1.769243,4.588074,1.127312,2.962021,2.479582,4.997896,-1.402923,1.809105,0.569376,-0.000000,0.569376,1.491176,0.000000
25,2.500000,1.545982,4.627567,0.799424,5.643680,2.126998,5.242895,-1.524111,1.845691,0.551456,-0.000000,0.551456,1.466372,0.000000
26,2.600000,1.400022,4.785616,3.961523,3.956688,2.240074,5.230943,-1.377968,1.737513,0.534467,0.000000,0.534466,1.447277,0.000000
27,2.700000,1.153457,4.786853,3.650414,6.990235,2.302901,5.610165,-1.271350,1.846707,0.518360,0.000000,0.518360,1.446084,0.000000
28,2.800000,0.783387,4.871421,3.337519,4.934784,2.321882,5.686664,-1.196301,1.791148,0.503088,0.000000,0.503088,1.456259,0.000000
29,2.900000,0.640531,4.823019,0.319604,4.786895,1.972286,5.733995,-1.310581,1.725658,0.488600,-0.000000,0.488600,1.461501,0.000000
30,3.000000,0.323000,4.905019,1.069870,4.821851,1.749659,5.777792,-1.354652,1.663685,0.474849,0.000000,0.474849,1.468306,0.000000
31,3.100000,0.142667,5.059669,2.104582,5.860742,1.670807,5.934528,-1.328239,1.659192,0.461789,0.000000,0.461789,1.477448,0.000000
32,3.200000,-0.172278,4.935239,0.150092,5.559062,1.382062,6.039626,-1.398821,1.631660,0.449376,-0.000000,0.449376,1.490456,0.000000
33,3.300000,-0.452195,4.965177,-2.285834,4.374816,0.856242,6.002825,-1.568473,1.543758,0.437570,-0.000000,0.437569,1.495736,0.000000
34,3.400000,-0.641779,4.913076,-0.458326,4.210896,0.576002,5.949757,-1.621189,1.455135,0.426331,-0.000000,0.426331,1.498694,0.000000
35,3.500000,-0.866940,4.932308,-2.205132,2.043099,0.141752,5.674228,-1.734264,1.280184,0.415623,-0.000000,0.415623,1.491846,0.000000
36,3.600000,-1.097804,4.866972,-1.151358,4.946838,-0.145159,5.715548,-1.780161,1.245121,0.405414,-0.000000,0.405414,1.486006,0.000000
37,3.700000,-1.429057,4.766561,-0.314842,1.675067,-0.322350,5.428068,-1.779835,1.082834,0.395671,-0.000000,0.395671,1.480831,0.000000
38,3.800000,-1.676727,4.671087,-2.229481,5.351545,-0.667355,5.518499,-1.843958,1.075980,0.386367,-0.000000,0.386367,1.476654,0.000000
39,3.900000,-1.896165,4.630981,-0.511783,5.486906,-0.819669,5.612962,-1.831945,1.071063,0.377472,0.000000,0.377472,1.476165,0.000000
40,4.000000,-2.014043,4.476049,-2.662085,5.043850,-1.155911,5.657692,-1.887863,1.048274,0.368964,0.000000,0.368964,1.475779,0.000000
41,4.100000,-2.243038,4.457641,0.031838,5.458939,-1.220528,5.735134,-1.843567,1.038505,0.360818,0.000000,0.360818,1.479602,0.000000
42,4.200000,-2.520646,4.334936,-3.151932,6.888648,-1.559067,5.931622,-1.897300,1.070789,0.353013,0.000000,0.353012,1.488538,0.000000
43,4.300000,-2.726769,4.179588,1.294781,3.185365,-1.485886,5.792222,-1.807744,0.986831,0.345529,0.000000,0.345528,1.500953,0.000000
44,4.400000,-2.964496,4.059570,-4.128368,5.311520,-1.874888,5.841895,-1.877107,0.970506,0.338347,0.000000,0.338346,1.514021,0.000000
45,4.500000,-3.096967,3.897946,0.129390,4.529445,-1.880966,5.822153,-1.817910,0.932441,0.331450,0.000000,0.331449,1.530591,0.000000
46,4.600000,-3.263055,3.753703,-4.959035,3.489370,-2.297951,5.718388,-1.892941,0.869593,0.324822,0.000000,0.324821,1.544598,0.000000
47,4.700000,-3.481066,3.557335,-6.970081,2.101712,-2.844132,5.510492,-2.004435,0.777480,0.318448,0.000000,0.318447,1.555218,0.000000
48,4.800000,-3.732707,3.344413,-6.365817,5.022877,-3.303895,5.544098,-2.083801,0.763969,0.312314,0.000000,0.312314,1.569216,0.000000
49,4.900000,-3.864296,3.147831,-2.668376,1.456118,-3.447631,5.301497,-2.064410,0.668281,0.306408,0.000000,0.306408,1.581704,0.000000
50,5.000000,-4.023707,3.045901,-4.081954,3.578288,-3.686241,5.233754,-2.073870,0.628703,0.300717,0.000000,0.300717,1.594096,0.000000
51,5.100000,-4.128393,2.746909,-3.366598,2.347989,-3.854731,5.078996,-2.062649,0.565922,0.295230,0.000000,0.295229,1.608596,0.000000
52,5.200000,-4.340474,2.612333,-4.498781,1.305626,-4.092727,4.857978,-2.071631,0.487346,0.289936,0.000000,0.289936,1.620873,0.000000
53,5.300000,-4.443620,2.414570,-3.014617,3.178209,-4.208371,4.783632,-2.046205,0.453152,0.284826,-0.000000,0.284826,1.634944,0.000000
54,5.400000,-4.542309,2.167975,-4.223139,1.579247,-4.399708,4.601559,-2.042581,0.391123,0.279890,-0.000000,0.279890,1.649541,0.000000
55,5.500000,-4.537831,1.903664,-0.915036,0.246355,-4.350242,4.338430,-1.974600,0.310145,0.275121,-0.000000,0.275120,1.663691,0.000000
56,5.600000,-4.724362,1.598592,-4.777937,2.689984,-4.563271,4.255867,-1.978700,0.280247,0.270509,-0.000000,0.270508,1.681208,0.000000
57,5.700000,-4.858366,1.385549,-3.680627,-0.105972,-4.689274,3.991916,-1.960107,0.204710,0.266047,-0.000000,0.266046,1.697254,0.000000
58,5.800000,-4.838349,1.176289,-0.621171,-0.721659,-4.606275,3.702630,-1.889144,0.125927,0.261728,-0.000000,0.261727,1.711486,0.000000
59,5.900000,-4.921471,0.890857,-6.404466,1.378222,-4.898806,3.564753,-1.915059,0.088294,0.257546,-0.000000,0.257545,1.727528,0.000000
60,6.000000,-5.084480,0.740112,-4.496718,1.900397,-5.052695,3.467548,-1.905805,0.062208,0.253493,-0.000000,0.253493,1.743923,0.000000
61,6.100000,-4.924068,0.444211,-4.815552,1.880237,-5.216588,3.374347,-1.899345,0.038143,0.249566,-0.000000,0.249565,1.763291,0.000000
62,6.200000,-4.949838,0.340081,-5.479993,-1.993324,-5.411038,3.048142,-1.900421,-0.040472,0.245756,-0.000000,0.245756,1.778906,0.000000
63,6.300000,-5.057596,-0.106624,-6.515929,1.732435,-5.656440,2.964721,-1.913403,-0.059085,0.242061,-0.000000,0.242060,1.800004,0.000000
64,6.400000,-5.030566,-0.258379,-3.745349,1.816358,-5.722436,2.890701,-1.884462,-0.074812,0.238473,-0.000000,0.238473,1.821914,0.000000
65,6.500000,-4.958390,-0.552037,-5.755946,-0.838917,-5.901783,2.664552,-1.882392,-0.124537,0.234990,-0.000000,0.234990,1.845099,0.000000
66,6.600000,-5.040351,-0.779324,-4.497478,-4.421931,-5.997812,2.242501,-1.861735,-0.216291,0.231606,-0.000000,0.231606,1.864872,0.000000
67,6.700000,-4.924428,-1.032526,-3.747707,-1.666232,-6.044926,1.998998,-1.831041,-0.265263,0.228318,-0.000000,0.228318,1.884976,0.000000
68,6.800000,-4.858585,-1.173839,-5.265289,3.044254,-6.173845,2.032792,-1.819255,-0.252142,0.225121,-0.000000,0.225121,1.907888,0.000000
69,6.900000,-4.721517,-1.494964,0.609394,-1.488266,-5.969185,1.813548,-1.736363,-0.293746,0.222012,-0.000000,0.222011,1.931146,0.000000
70,7.000000,-4.779079,-1.788000,-3.786720,2.560246,-6.013833,1.826660,-1.709094,-0.284764,0.218986,-0.000000,0.218986,1.957746,0.000000
71,7.100000,-4.663736,-1.992658,-1.824481,-2.227581,-5.949241,1.580750,-1.660000,-0.330092,0.216042,-0.000000,0.216042,1.983299,0.000000
72,7.200000,-4.559723,-2.236864,-3.530894,-1.871598,-5.977509,1.365511,-1.631680,-0.367561,0.213175,-0.000000,0.213175,2.009163,0.000000
73,7.300000,-4.348853,-2.437740,-4.235274,-3.473796,-6.040459,1.076161,-1.611352,-0.418797,0.210383,-0.000000,0.210383,2.034713,0.000000
74,7.400000,-4.288322,-2.711579,-1.363297,1.467269,-5.950412,1.056760,-1.561081,-0.414299,0.207663,-0.000000,0.207663,2.062498,0.000000
75,7.500000,-4.162896,-2.939557,-2.417523,-1.586923,-5.917449,0.881957,-1.523738,-0.440640,0.205012,-0.000000,0.205012,2.090690,0.000000
76,7.600000,-3.905048,-3.102123,-5.442092,-0.714352,-6.038056,0.759339,-1.517546,-0.455953,0.202427,-0.000000,0.202427,2.120829,0.000000
77,7.700000,-3.734744,-3.143561,-4.516393,0.240629,-6.106178,0.690099,-1.501452,-0.460504,0.199906,-0.000000,0.199906,2.151432,0.000000
78,7.800000,-3.657034,-3.467377,-6.088440,-6.588082,-6.248034,0.287058,-1.499878,-0.528334,0.197448,-0.000000,0.197447,2.181942,0.000000
79,7.900000,-3.413729,-3.568398,-1.441900,-5.810544,-6.156352,-0.060530,-1.454532,-0.583639,0.195048,-0.000000,0.195048,2.210327,0.000000
80,8.000000,-3.341205,-3.801887,-6.184809,-5.831389,-6.296168,-0.394102,-1.453488,-0.634640,0.192706,-0.000000,0.192706,2.238724,0.000000
81,8.100000,-3.061291,-3.979586,-3.520655,-7.903996,-6.302469,-0.812051,-1.428034,-0.699530,0.190419,-0.000000,0.190419,2.266690,0.000000
82,8.200000,-2.843527,-4.116362,-0.781988,-6.003162,-6.178833,-1.122936,-1.379847,-0.743103,0.188186,-0.000000,0.188185,2.293376,0.000000
83,8.300000,-2.659329,-4.231828,-2.426095,-4.654594,-6.135895,-1.358016,-1.347516,-0.771833,0.186004,-0.000000,0.186004,2.319771,0.000000
84,8.400001,-2.460449,-4.386676,-0.426770,-2.033828,-6.002016,-1.462718,-1.300076,-0.776693,0.183872,-0.000000,0.183872,2.346511,0.000000
85,8.500000,-2.301995,-4.516514,-2.877126,-6.459147,-5.984097,-1.763929,-1.274256,-0.815711,0.181788,-0.000000,0.181788,2.372682,0.000000
86,8.600000,-2.038511,-4.653104,-3.882369,-3.685222,-6.011351,-1.928173,-1.256973,-0.829975,0.179751,-0.000000,0.179750,2.400784,0.000000
87,8.700000,-1.803290,-4.668439,-3.214007,-5.970314,-6.007152,-2.187113,-1.234815,-0.859987,0.177758,-0.000000,0.177758,2.428974,0.000000
88,8.800000,-1.560294,-4.784273,0.384321,-3.146190,-5.844285,-2.311486,-1.186518,-0.866459,0.175810,-0.000000,0.175809,2.457260,0.000000
89,8.900001,-1.388520,-4.792412,0.240314,-7.173903,-5.693245,-2.605762,-1.141537,-0.901089,0.173903,-0.000000,0.173903,2.483605,0.000000
90,9.000000,-1.075297,-4.830231,-4.006128,-3.560145,-5.729929,-2.733042,-1.128758,-0.907221,0.172037,-0.000000,0.172037,2.512414,0.000000
91,9.100000,-0.825445,-4.937816,-3.034505,-3.900019,-5.723303,-2.869561,-1.109260,-0.914693,0.170211,-0.000000,0.170211,2.542895,0.000000
92,9.200000,-0.628048,-4.907007,2.089840,-2.262160,-5.500580,-2.931604,-1.055407,-0.909944,0.168423,-0.000000,0.168422,2.572087,0.000000
93,9.300000,-0.243794,-5.003767,-3.017405,-3.848949,-5.498255,-3.057031,-1.038181,-0.915442,0.166672,-0.000000,0.166671,2.604336,0.000000
94,9.400001,-0.083006,-5.055557,-1.758258,-4.155859,-5.443556,-3.190114,-1.013134,-0.922005,0.164957,-0.000000,0.164956,2.636668,0.000000
95,9.500000,0.197221,-5.016815,-0.182831,-5.321473,-5.325998,-3.365552,-0.978910,-0.935020,0.163276,-0.000000,0.163276,2.669252,0.000000
96,9.600000,0.477015,-5.000423,2.291863,-3.383811,-5.112114,-3.456014,-0.930663,-0.934550,0.161630,-0.000000,0.161629,2.701514,0.000000
97,9.700000,0.712356,-4.968501,-1.142886,-5.602155,-5.042674,-3.631585,-0.905771,-0.947127,0.160016,-0.000000,0.160016,2.734236,0.000000
98,9.800000,0.924925,-4.903489,-0.140678,-3.739970,-4.935503,-3.726839,-0.875787,-0.947210,0.158434,-0.000000,0.158434,2.766994,0.000000
99,9.900001,1.195942,-4.794639,2.551608,-6.904549,-4.725998,-3.942479,-0.831192,-0.965360,0.156883,-0.000000,0.156883,2.799154,0.000000
